	trial	number_sequences	introductions	community_status	mean_cluster_size
0	5	20	7	over30	2.857142857142857
0	5	9	5	over30	1.8
0	6	9	6	over30	1.5
0	7	9	7	over30	1.2857142857142858
0	8	9	5	over30	1.8
0	9	9	6	over30	1.5
0	10	20	6	over30	3.3333333333333335
0	1	20	9	over30	2.2222222222222223
0	2	20	7	over30	2.857142857142857
0	3	20	8	over30	2.5
0	4	20	9	over30	2.2222222222222223
0	2	14	7	over30	2.0
0	3	14	7	over30	2.0
0	4	14	8	over30	1.75
0	5	14	6	over30	2.3333333333333335
0	6	14	6	over30	2.3333333333333335
0	7	14	9	over30	1.5555555555555556
0	3	2	2	over30	1.0
0	4	2	2	over30	1.0
0	5	2	2	over30	1.0
0	6	2	1	over30	2.0
0	7	2	1	over30	2.0
0	8	2	1	over30	2.0
0	2	5	2	over30	2.5
0	3	5	2	over30	2.5
0	4	5	4	over30	1.25
0	5	5	3	over30	1.6666666666666667
0	6	5	2	over30	2.5
0	2	22	9	over30	2.4444444444444446
0	4	23	7	over30	3.2857142857142856
0	9	23	10	over30	2.3
0	9	2	1	over30	2.0
0	5	3	3	over30	1.0
0	1	5	5	over30	1.0
0	8	6	4	over30	1.5
0	3	17	7	over30	2.4285714285714284
0	4	17	7	over30	2.4285714285714284
0	5	17	7	over30	2.4285714285714284
0	6	17	9	over30	1.8888888888888888
0	7	17	4	over30	4.25
0	8	17	8	over30	2.125
0	9	17	8	over30	2.125
0	10	18	6	over30	3.0
0	2	12	7	over30	1.7142857142857142
0	3	12	5	over30	2.4
0	4	12	3	over30	4.0
0	5	12	4	over30	3.0
0	6	12	6	over30	2.0
0	5	23	7	over30	3.2857142857142856
0	6	23	9	over30	2.5555555555555554
0	7	23	6	over30	3.8333333333333335
0	8	23	10	over30	2.3
0	5	7	4	over30	1.75
0	6	7	5	over30	1.4
0	7	7	3	over30	2.3333333333333335
0	8	7	5	over30	1.4
0	9	7	5	over30	1.4
0	10	8	6	over30	1.3333333333333333
0	1	8	4	over30	2.0
0	7	21	10	over30	2.1
0	8	21	8	over30	2.625
0	9	21	9	over30	2.3333333333333335
0	10	22	9	over30	2.4444444444444446
0	1	22	8	over30	2.75
0	9	18	6	over30	3.0
0	10	19	9	over30	2.111111111111111
0	1	19	8	over30	2.375
0	2	19	9	over30	2.111111111111111
0	3	19	7	over30	2.7142857142857144
0	4	19	9	over30	2.111111111111111
0	8	15	6	over30	2.5
0	9	15	7	over30	2.142857142857143
0	10	16	9	over30	1.7777777777777777
0	1	16	9	over30	1.7777777777777777
0	2	16	5	over30	3.2
0	3	16	6	over30	2.6666666666666665
0	4	16	7	over30	2.2857142857142856
0	7	12	8	over30	1.5
0	8	12	5	over30	2.4
0	9	12	6	over30	2.0
0	10	13	7	over30	1.8571428571428572
0	1	13	7	over30	1.8571428571428572
0	2	13	8	over30	1.625
0	3	13	7	over30	1.8571428571428572
0	4	13	7	over30	1.8571428571428572
0	6	10	5	over30	2.0
0	7	10	6	over30	1.6666666666666667
0	8	10	6	over30	1.6666666666666667
0	9	10	6	over30	1.6666666666666667
0	10	11	5	over30	2.2
0	1	11	5	over30	2.2
0	2	11	6	over30	1.8333333333333333
0	3	11	5	over30	2.2
0	6	3	3	over30	1.0
0	7	3	2	over30	1.5
0	8	3	2	over30	1.5
0	9	3	3	over30	1.0
0	10	4	3	over30	1.3333333333333333
0	1	4	3	over30	1.3333333333333333
0	2	4	2	over30	2.0
0	2	8	4	over30	2.0
0	3	8	5	over30	1.6
0	4	8	6	over30	1.3333333333333333
0	5	8	6	over30	1.3333333333333333
0	6	8	5	over30	1.6
0	7	8	5	over30	1.6
0	8	8	4	over30	2.0
0	9	8	7	over30	1.1428571428571428
0	10	24	7	over30	3.4285714285714284
0	1	24	7	over30	3.4285714285714284
0	2	24	7	over30	3.4285714285714284
0	3	24	7	over30	3.4285714285714284
0	4	24	7	over30	3.4285714285714284
0	5	24	7	over30	3.4285714285714284
0	6	24	7	over30	3.4285714285714284
0	3	6	3	over30	2.0
0	4	6	3	over30	2.0
0	5	6	4	over30	1.5
0	6	6	5	over30	1.2
0	7	6	4	over30	1.5
0	6	20	6	over30	3.3333333333333335
0	7	20	11	over30	1.8181818181818181
0	8	20	5	over30	4.0
0	9	20	5	over30	4.0
0	10	21	10	over30	2.1
0	1	21	5	over30	4.2
0	5	19	8	over30	2.375
0	6	19	6	over30	3.1666666666666665
0	7	19	7	over30	2.7142857142857144
0	8	19	8	over30	2.375
0	9	19	6	over30	3.1666666666666665
0	10	1	1	over30	1.0
0	1	1	1	over30	1.0
0	5	13	6	over30	2.1666666666666665
0	6	13	6	over30	2.1666666666666665
0	7	13	4	over30	3.25
0	8	13	6	over30	2.1666666666666665
0	9	13	7	over30	1.8571428571428572
0	10	14	7	over30	2.0
0	1	14	8	over30	1.75
0	3	22	5	over30	4.4
0	4	22	6	over30	3.6666666666666665
0	5	22	7	over30	3.142857142857143
0	6	22	10	over30	2.2
0	7	22	10	over30	2.2
0	8	22	9	over30	2.4444444444444446
0	9	22	10	over30	2.2
0	1	18	6	over30	3.0
0	2	18	3	over30	6.0
0	3	18	6	over30	3.0
0	4	18	8	over30	2.25
0	5	18	6	over30	3.0
0	6	18	9	over30	2.0
0	7	18	6	over30	3.0
0	10	3	2	over30	1.5
0	1	3	2	over30	1.5
0	2	3	3	over30	1.0
0	3	3	2	over30	1.5
0	4	3	2	over30	1.5
0	3	15	7	over30	2.142857142857143
0	4	15	6	over30	2.5
0	5	15	6	over30	2.5
0	6	15	7	over30	2.142857142857143
0	7	15	7	over30	2.142857142857143
0	5	16	8	over30	2.0
0	6	16	8	over30	2.0
0	7	16	6	over30	2.6666666666666665
0	8	16	7	over30	2.2857142857142856
0	9	16	8	over30	2.0
0	10	17	8	over30	2.125
0	1	17	9	over30	1.8888888888888888
0	2	17	6	over30	2.8333333333333335
0	10	10	8	over30	1.25
0	1	10	7	over30	1.4285714285714286
0	2	10	4	over30	2.5
0	3	10	6	over30	1.6666666666666667
0	4	10	6	over30	1.6666666666666667
0	5	10	5	over30	2.0
0	1	12	5	over30	2.4
0	8	14	8	over30	1.75
0	8	18	8	over30	2.25
0	9	1	1	over30	1.0
0	3	4	3	over30	1.3333333333333333
0	4	4	3	over30	1.3333333333333333
0	5	4	3	over30	1.3333333333333333
0	6	4	3	over30	1.3333333333333333
0	7	4	3	over30	1.3333333333333333
0	8	4	3	over30	1.3333333333333333
0	9	4	4	over30	1.0
0	10	5	4	over30	1.25
0	9	6	4	over30	1.5
0	10	7	5	over30	1.4
0	1	7	4	over30	1.75
0	2	7	5	over30	1.4
0	3	7	4	over30	1.75
0	4	7	6	over30	1.1666666666666667
0	4	11	5	over30	2.2
0	5	11	4	over30	2.75
0	6	11	8	over30	1.375
0	7	11	6	over30	1.8333333333333333
0	8	11	6	over30	1.8333333333333333
0	9	11	7	over30	1.5714285714285714
0	10	12	6	over30	2.0
0	2	1	1	over30	1.0
0	3	1	1	over30	1.0
0	4	1	1	over30	1.0
0	5	1	1	over30	1.0
0	6	1	1	over30	1.0
0	7	1	1	over30	1.0
0	8	1	1	over30	1.0
0	7	24	7	over30	3.4285714285714284
0	8	24	7	over30	3.4285714285714284
0	9	24	6	over30	4.0
0	10	2	2	over30	1.0
0	1	2	2	over30	1.0
0	2	2	2	over30	1.0
0	7	5	3	over30	1.6666666666666667
0	8	5	4	over30	1.25
0	9	5	2	over30	2.5
0	10	6	4	over30	1.5
0	1	6	5	over30	1.2
0	2	6	4	over30	1.5
0	2	21	4	over30	5.25
0	3	21	9	over30	2.3333333333333335
0	4	21	9	over30	2.3333333333333335
0	5	21	10	over30	2.1
0	6	21	10	over30	2.1
0	10	9	5	over30	1.8
0	1	9	5	over30	1.8
0	2	9	5	over30	1.8
0	3	9	6	over30	1.5
0	4	9	5	over30	1.8
0	9	14	7	over30	2.0
0	10	15	8	over30	1.875
0	1	15	7	over30	2.142857142857143
0	2	15	7	over30	2.142857142857143
0	10	23	10	over30	2.3
0	1	23	10	over30	2.3
0	2	23	7	over30	3.2857142857142856
0	3	23	6	over30	3.8333333333333335
0	1	9	5	youngadult	1.8
0	2	9	7	youngadult	1.2857142857142858
0	3	9	7	youngadult	1.2857142857142858
0	4	9	6	youngadult	1.5
0	5	9	5	youngadult	1.8
0	6	9	8	youngadult	1.125
0	7	9	5	youngadult	1.8
0	8	9	7	youngadult	1.2857142857142858
0	9	9	5	youngadult	1.8
0	8	22	6	youngadult	3.6666666666666665
0	9	22	8	youngadult	2.75
0	10	23	8	youngadult	2.875
0	1	23	4	youngadult	5.75
0	2	23	5	youngadult	4.6
0	3	23	9	youngadult	2.5555555555555554
0	4	23	5	youngadult	4.6
0	10	16	6	youngadult	2.6666666666666665
0	1	16	7	youngadult	2.2857142857142856
0	2	16	6	youngadult	2.6666666666666665
0	3	16	8	youngadult	2.0
0	4	16	6	youngadult	2.6666666666666665
0	6	28	6	youngadult	4.666666666666667
0	7	28	10	youngadult	2.8
0	8	28	10	youngadult	2.8
0	9	28	7	youngadult	4.0
0	10	29	8	youngadult	3.625
0	1	29	10	youngadult	2.9
0	2	29	10	youngadult	2.9
0	1	4	4	youngadult	1.0
0	2	4	3	youngadult	1.3333333333333333
0	3	4	4	youngadult	1.0
0	4	4	3	youngadult	1.3333333333333333
0	5	4	3	youngadult	1.3333333333333333
0	6	4	4	youngadult	1.0
0	8	30	6	youngadult	5.0
0	10	4	2	youngadult	2.0
0	3	7	5	youngadult	1.4
0	8	7	4	youngadult	1.75
0	6	19	6	youngadult	3.1666666666666665
0	7	19	6	youngadult	3.1666666666666665
0	8	19	4	youngadult	4.75
0	9	19	6	youngadult	3.1666666666666665
0	10	1	1	youngadult	1.0
0	1	1	1	youngadult	1.0
0	2	1	1	youngadult	1.0
0	1	25	9	youngadult	2.7777777777777777
0	2	25	10	youngadult	2.5
0	3	25	8	youngadult	3.125
0	4	25	4	youngadult	6.25
0	5	25	8	youngadult	3.125
0	6	25	5	youngadult	5.0
0	6	12	5	youngadult	2.4
0	7	12	8	youngadult	1.5
0	8	12	6	youngadult	2.0
0	9	12	5	youngadult	2.4
0	10	13	7	youngadult	1.8571428571428572
0	1	13	6	youngadult	2.1666666666666665
0	2	13	6	youngadult	2.1666666666666665
0	5	6	2	youngadult	3.0
0	6	6	4	youngadult	1.5
0	7	6	3	youngadult	2.0
0	8	6	3	youngadult	2.0
0	9	6	5	youngadult	1.2
0	10	7	4	youngadult	1.75
0	1	7	5	youngadult	1.4
0	2	7	4	youngadult	1.75
0	6	2	2	youngadult	1.0
0	7	2	2	youngadult	1.0
0	8	2	2	youngadult	1.0
0	9	2	2	youngadult	1.0
0	10	30	9	youngadult	3.3333333333333335
0	1	30	5	youngadult	6.0
0	2	30	5	youngadult	6.0
0	3	30	6	youngadult	5.0
0	2	27	4	youngadult	6.75
0	3	27	9	youngadult	3.0
0	4	27	4	youngadult	6.75
0	5	27	9	youngadult	3.0
0	7	20	5	youngadult	4.0
0	8	20	5	youngadult	4.0
0	9	20	6	youngadult	3.3333333333333335
0	10	21	8	youngadult	2.625
0	1	21	8	youngadult	2.625
0	8	10	4	youngadult	2.5
0	9	10	5	youngadult	2.0
0	10	11	7	youngadult	1.5714285714285714
0	1	11	5	youngadult	2.2
0	2	11	5	youngadult	2.2
0	3	11	5	youngadult	2.2
0	4	11	6	youngadult	1.8333333333333333
0	5	11	8	youngadult	1.375
0	4	18	7	youngadult	2.5714285714285716
0	5	18	3	youngadult	6.0
0	6	18	7	youngadult	2.5714285714285716
0	7	18	8	youngadult	2.25
0	8	18	5	youngadult	3.6
0	9	18	3	youngadult	6.0
0	9	14	3	youngadult	4.666666666666667
0	10	15	6	youngadult	2.5
0	1	15	8	youngadult	1.875
0	2	15	6	youngadult	2.5
0	3	5	2	youngadult	2.5
0	4	5	4	youngadult	1.25
0	5	5	4	youngadult	1.25
0	6	5	4	youngadult	1.25
0	7	5	5	youngadult	1.0
0	10	24	4	youngadult	6.0
0	1	24	8	youngadult	3.0
0	2	24	6	youngadult	4.0
0	3	24	6	youngadult	4.0
0	9	30	5	youngadult	6.0
0	10	3	3	youngadult	1.0
0	1	3	3	youngadult	1.0
0	2	3	3	youngadult	1.0
0	3	3	3	youngadult	1.0
0	9	7	6	youngadult	1.1666666666666667
0	10	8	5	youngadult	1.6
0	1	8	5	youngadult	1.6
0	2	8	6	youngadult	1.3333333333333333
0	3	8	4	youngadult	2.0
0	4	8	5	youngadult	1.6
0	8	1	1	youngadult	1.0
0	9	1	1	youngadult	1.0
0	10	20	4	youngadult	5.0
0	1	20	7	youngadult	2.857142857142857
0	2	20	7	youngadult	2.857142857142857
0	2	17	7	youngadult	2.4285714285714284
0	3	17	6	youngadult	2.8333333333333335
0	4	17	6	youngadult	2.8333333333333335
0	5	17	7	youngadult	2.4285714285714284
0	6	17	3	youngadult	5.666666666666667
0	7	17	7	youngadult	2.4285714285714284
0	8	17	9	youngadult	1.8888888888888888
0	8	13	4	youngadult	3.25
0	9	13	7	youngadult	1.8571428571428572
0	10	14	6	youngadult	2.3333333333333335
0	1	14	8	youngadult	1.75
0	2	14	4	youngadult	3.5
0	3	14	6	youngadult	2.3333333333333335
0	2	26	4	youngadult	6.5
0	3	26	8	youngadult	3.25
0	4	26	9	youngadult	2.888888888888889
0	5	26	9	youngadult	2.888888888888889
0	6	26	8	youngadult	3.25
0	2	12	4	youngadult	3.0
0	3	12	5	youngadult	2.4
0	4	12	6	youngadult	2.0
0	5	12	6	youngadult	2.0
0	1	28	8	youngadult	3.5
0	2	28	9	youngadult	3.111111111111111
0	3	28	8	youngadult	3.5
0	4	28	7	youngadult	4.0
0	10	10	5	youngadult	2.0
0	1	10	6	youngadult	1.6666666666666667
0	2	10	5	youngadult	2.0
0	3	10	7	youngadult	1.4285714285714286
0	4	10	7	youngadult	1.4285714285714286
0	5	10	6	youngadult	1.6666666666666667
0	6	10	6	youngadult	1.6666666666666667
0	7	10	5	youngadult	2.0
0	3	13	8	youngadult	1.625
0	9	15	6	youngadult	2.5
0	5	16	9	youngadult	1.7777777777777777
0	5	19	4	youngadult	4.75
0	6	21	9	youngadult	2.3333333333333335
0	7	22	7	youngadult	3.142857142857143
0	4	3	3	youngadult	1.0
0	5	3	2	youngadult	1.5
0	6	3	3	youngadult	1.0
0	7	3	3	youngadult	1.0
0	8	3	3	youngadult	1.0
0	9	3	2	youngadult	1.5
0	10	2	2	youngadult	1.0
0	1	2	2	youngadult	1.0
0	2	2	2	youngadult	1.0
0	3	2	2	youngadult	1.0
0	4	2	2	youngadult	1.0
0	5	2	2	youngadult	1.0
0	10	19	9	youngadult	2.111111111111111
0	1	19	8	youngadult	2.375
0	2	19	4	youngadult	4.75
0	3	19	7	youngadult	2.7142857142857144
0	4	19	6	youngadult	3.1666666666666665
0	7	21	8	youngadult	2.625
0	8	21	8	youngadult	2.625
0	9	21	9	youngadult	2.3333333333333335
0	10	22	7	youngadult	3.142857142857143
0	7	4	4	youngadult	1.0
0	8	4	3	youngadult	1.3333333333333333
0	9	4	2	youngadult	2.0
0	10	5	1	youngadult	5.0
0	1	5	4	youngadult	1.25
0	2	5	4	youngadult	1.25
0	5	8	2	youngadult	4.0
0	6	8	5	youngadult	1.6
0	7	8	5	youngadult	1.6
0	8	8	4	youngadult	2.0
0	9	8	5	youngadult	1.6
0	10	9	6	youngadult	1.5
0	5	24	9	youngadult	2.6666666666666665
0	6	24	8	youngadult	3.0
0	7	24	8	youngadult	3.0
0	8	24	9	youngadult	2.6666666666666665
0	9	24	6	youngadult	4.0
0	8	5	4	youngadult	1.25
0	9	5	4	youngadult	1.25
0	10	6	5	youngadult	1.2
0	1	6	4	youngadult	1.5
0	2	6	3	youngadult	2.0
0	3	6	4	youngadult	1.5
0	4	6	4	youngadult	1.5
0	6	16	6	youngadult	2.6666666666666665
0	7	16	3	youngadult	5.333333333333333
0	8	16	7	youngadult	2.2857142857142856
0	9	16	9	youngadult	1.7777777777777777
0	10	17	5	youngadult	3.4
0	1	17	8	youngadult	2.125
0	9	17	8	youngadult	2.125
0	10	18	6	youngadult	3.0
0	1	18	3	youngadult	6.0
0	2	18	5	youngadult	3.6
0	3	18	7	youngadult	2.5714285714285716
0	3	15	5	youngadult	3.0
0	4	15	7	youngadult	2.142857142857143
0	5	15	5	youngadult	3.0
0	6	15	6	youngadult	2.5
0	7	15	5	youngadult	3.0
0	8	15	6	youngadult	2.5
0	3	29	9	youngadult	3.2222222222222223
0	4	29	5	youngadult	5.8
0	5	29	9	youngadult	3.2222222222222223
0	6	29	6	youngadult	4.833333333333333
0	7	29	10	youngadult	2.9
0	8	29	6	youngadult	4.833333333333333
0	9	29	5	youngadult	5.8
0	4	7	5	youngadult	1.4
0	5	7	3	youngadult	2.3333333333333335
0	6	7	5	youngadult	1.4
0	7	7	3	youngadult	2.3333333333333335
0	4	30	10	youngadult	3.0
0	5	30	10	youngadult	3.0
0	6	30	9	youngadult	3.3333333333333335
0	7	30	9	youngadult	3.3333333333333335
0	1	22	6	youngadult	3.6666666666666665
0	2	22	7	youngadult	3.142857142857143
0	3	22	5	youngadult	4.4
0	4	22	6	youngadult	3.6666666666666665
0	5	22	5	youngadult	4.4
0	6	22	3	youngadult	7.333333333333333
0	4	13	2	youngadult	6.5
0	5	13	6	youngadult	2.1666666666666665
0	6	13	4	youngadult	3.25
0	7	13	8	youngadult	1.625
0	5	23	4	youngadult	5.75
0	6	23	7	youngadult	3.2857142857142856
0	7	23	9	youngadult	2.5555555555555554
0	8	23	4	youngadult	5.75
0	9	23	9	youngadult	2.5555555555555554
0	6	11	6	youngadult	1.8333333333333333
0	7	11	5	youngadult	2.2
0	8	11	7	youngadult	1.5714285714285714
0	9	11	8	youngadult	1.375
0	10	12	8	youngadult	1.5
0	1	12	6	youngadult	2.0
0	3	1	1	youngadult	1.0
0	4	1	1	youngadult	1.0
0	5	1	1	youngadult	1.0
0	6	1	1	youngadult	1.0
0	7	1	1	youngadult	1.0
0	8	25	4	youngadult	6.25
0	9	25	5	youngadult	5.0
0	10	26	5	youngadult	5.2
0	1	26	5	youngadult	5.2
0	4	14	6	youngadult	2.3333333333333335
0	5	14	8	youngadult	1.75
0	6	14	4	youngadult	3.5
0	7	14	9	youngadult	1.5555555555555556
0	8	14	6	youngadult	2.3333333333333335
0	2	21	9	youngadult	2.3333333333333335
0	3	21	4	youngadult	5.25
0	4	21	9	youngadult	2.3333333333333335
0	5	21	7	youngadult	3.0
0	7	26	8	youngadult	3.25
0	8	26	7	youngadult	3.7142857142857144
0	9	26	9	youngadult	2.888888888888889
0	10	27	8	youngadult	3.375
0	1	27	8	youngadult	3.375
0	3	20	4	youngadult	5.0
0	4	20	7	youngadult	2.857142857142857
0	5	20	7	youngadult	2.857142857142857
0	6	20	7	youngadult	2.857142857142857
0	7	27	5	youngadult	5.4
0	8	27	6	youngadult	4.5
0	9	27	9	youngadult	3.0
0	10	28	6	youngadult	4.666666666666667
0	4	24	7	youngadult	3.4285714285714284
0	10	25	7	youngadult	3.5714285714285716
0	7	25	4	youngadult	6.25
0	6	27	7	youngadult	3.857142857142857
0	5	28	5	youngadult	5.6
0	3	9	3	under18	3.0
0	4	9	5	under18	1.8
0	5	9	5	under18	1.8
0	6	9	4	under18	2.25
0	7	9	6	under18	1.5
0	8	9	6	under18	1.5
0	9	9	1	under18	9.0
0	3	37	3	under18	12.333333333333334
0	4	37	3	under18	12.333333333333334
0	5	37	7	under18	5.285714285714286
0	6	37	3	under18	12.333333333333334
0	7	37	6	under18	6.166666666666667
0	8	37	4	under18	9.25
0	9	37	4	under18	9.25
0	10	38	4	under18	9.5
0	1	25	6	under18	4.166666666666667
0	2	25	5	under18	5.0
0	3	25	9	under18	2.7777777777777777
0	4	25	7	under18	3.5714285714285716
0	5	25	3	under18	8.333333333333334
0	6	25	4	under18	6.25
0	7	25	2	under18	12.5
0	3	48	5	under18	9.6
0	4	48	4	under18	12.0
0	5	48	4	under18	12.0
0	6	48	4	under18	12.0
0	7	48	4	under18	12.0
0	8	48	5	under18	9.6
0	9	48	4	under18	12.0
0	5	16	6	under18	2.6666666666666665
0	6	16	3	under18	5.333333333333333
0	7	16	4	under18	4.0
0	8	16	6	under18	2.6666666666666665
0	9	16	5	under18	3.2
0	10	17	5	under18	3.4
0	1	17	2	under18	8.5
0	6	50	6	under18	8.333333333333334
0	1	51	5	under18	10.2
0	5	53	4	under18	13.25
0	3	54	5	under18	10.8
0	8	55	4	under18	13.75
0	8	5	2	under18	2.5
0	2	7	3	under18	2.3333333333333335
0	10	30	2	under18	15.0
0	1	30	7	under18	4.285714285714286
0	2	30	2	under18	15.0
0	3	30	4	under18	7.5
0	4	30	6	under18	5.0
0	6	53	4	under18	13.25
0	7	53	5	under18	10.6
0	8	53	5	under18	10.6
0	9	53	5	under18	10.6
0	10	54	5	under18	10.8
0	1	54	5	under18	10.8
0	2	54	5	under18	10.8
0	6	1	1	under18	1.0
0	7	1	1	under18	1.0
0	8	1	1	under18	1.0
0	9	1	1	under18	1.0
0	10	20	3	under18	6.666666666666667
0	1	20	4	under18	5.0
0	8	42	3	under18	14.0
0	9	42	5	under18	8.4
0	10	43	4	under18	10.75
0	1	43	5	under18	8.6
0	2	43	3	under18	14.333333333333334
0	3	43	3	under18	14.333333333333334
0	9	12	1	under18	12.0
0	10	13	6	under18	2.1666666666666665
0	1	13	4	under18	3.25
0	2	13	5	under18	2.6
0	3	13	3	under18	4.333333333333333
0	5	33	3	under18	11.0
0	6	33	2	under18	16.5
0	7	33	3	under18	11.0
0	8	33	2	under18	16.5
0	9	33	3	under18	11.0
0	10	34	4	under18	8.5
0	6	27	3	under18	9.0
0	7	27	2	under18	13.5
0	8	27	3	under18	9.0
0	9	27	3	under18	9.0
0	10	28	7	under18	4.0
0	1	28	4	under18	7.0
0	2	28	5	under18	5.6
0	3	28	3	under18	9.333333333333334
0	7	50	4	under18	12.5
0	8	50	4	under18	12.5
0	9	50	5	under18	10.0
0	10	51	5	under18	10.2
0	4	6	3	under18	2.0
0	5	6	1	under18	6.0
0	6	6	2	under18	3.0
0	7	6	3	under18	2.0
0	8	6	4	under18	1.5
0	9	6	5	under18	1.2
0	10	7	4	under18	1.75
0	1	7	3	under18	2.3333333333333335
0	5	45	5	under18	9.0
0	6	45	3	under18	15.0
0	7	45	4	under18	11.25
0	8	45	4	under18	11.25
0	9	45	5	under18	9.0
0	10	40	3	under18	13.333333333333334
0	1	40	4	under18	10.0
0	2	40	8	under18	5.0
0	3	40	5	under18	8.0
0	2	22	3	under18	7.333333333333333
0	3	22	1	under18	22.0
0	4	22	3	under18	7.333333333333333
0	5	22	5	under18	4.4
0	6	22	3	under18	7.333333333333333
0	7	22	8	under18	2.75
0	8	22	6	under18	3.6666666666666665
0	5	18	7	under18	2.5714285714285716
0	6	18	5	under18	3.6
0	7	18	3	under18	6.0
0	8	18	5	under18	3.6
0	9	18	2	under18	9.0
0	10	19	7	under18	2.7142857142857144
0	1	19	2	under18	9.5
0	1	29	2	under18	14.5
0	2	29	6	under18	4.833333333333333
0	3	29	4	under18	7.25
0	4	29	3	under18	9.666666666666666
0	5	29	7	under18	4.142857142857143
0	6	29	7	under18	4.142857142857143
0	7	29	6	under18	4.833333333333333
0	8	29	3	under18	9.666666666666666
0	8	10	3	under18	3.3333333333333335
0	9	10	3	under18	3.3333333333333335
0	10	11	4	under18	2.75
0	1	11	3	under18	3.6666666666666665
0	2	11	5	under18	2.2
0	3	11	3	under18	3.6666666666666665
0	4	11	2	under18	5.5
0	5	11	4	under18	2.75
0	9	55	4	under18	13.75
0	10	5	4	under18	1.25
0	1	5	3	under18	1.6666666666666667
0	2	5	2	under18	2.5
0	3	5	3	under18	1.6666666666666667
0	8	31	2	under18	15.5
0	9	31	3	under18	10.333333333333334
0	10	32	3	under18	10.666666666666666
0	1	32	4	under18	8.0
0	2	32	5	under18	6.4
0	8	35	4	under18	8.75
0	9	35	4	under18	8.75
0	10	36	3	under18	12.0
0	1	36	4	under18	9.0
0	2	36	4	under18	9.0
0	3	36	9	under18	4.0
0	4	36	6	under18	6.0
0	5	36	1	under18	36.0
0	7	49	6	under18	8.166666666666666
0	8	49	4	under18	12.25
0	9	49	4	under18	12.25
0	10	4	2	under18	2.0
0	1	4	2	under18	2.0
0	2	4	3	under18	1.3333333333333333
0	3	4	2	under18	2.0
0	5	14	2	under18	7.0
0	6	14	4	under18	3.5
0	7	14	6	under18	2.3333333333333335
0	8	14	4	under18	3.5
0	9	14	6	under18	2.3333333333333335
0	10	8	3	under18	2.6666666666666665
0	1	8	5	under18	1.6
0	2	8	5	under18	1.6
0	3	8	3	under18	2.6666666666666665
0	4	8	2	under18	4.0
0	5	8	3	under18	2.6666666666666665
0	6	8	3	under18	2.6666666666666665
0	8	38	4	under18	9.5
0	9	38	4	under18	9.5
0	10	39	3	under18	13.0
0	1	39	7	under18	5.571428571428571
0	2	39	4	under18	9.75
0	3	39	3	under18	13.0
0	4	39	4	under18	9.75
0	5	39	4	under18	9.75
0	6	39	5	under18	7.8
0	10	25	6	under18	4.166666666666667
0	4	28	2	under18	14.0
0	10	29	3	under18	9.666666666666666
0	5	30	2	under18	15.0
0	7	32	8	under18	4.0
0	4	33	4	under18	8.25
0	4	26	4	under18	6.5
0	5	26	3	under18	8.666666666666666
0	6	26	5	under18	5.2
0	7	26	3	under18	8.666666666666666
0	8	26	4	under18	6.5
0	9	26	8	under18	3.25
0	10	52	4	under18	13.0
0	1	52	4	under18	13.0
0	2	52	5	under18	10.4
0	3	52	4	under18	13.0
0	4	52	5	under18	10.4
0	5	52	5	under18	10.4
0	6	52	5	under18	10.4
0	7	52	4	under18	13.0
0	10	24	1	under18	24.0
0	1	24	4	under18	6.0
0	2	24	3	under18	8.0
0	3	24	2	under18	12.0
0	4	24	7	under18	3.4285714285714284
0	8	34	6	under18	5.666666666666667
0	9	34	4	under18	8.5
0	10	35	4	under18	8.75
0	1	35	3	under18	11.666666666666666
0	2	35	5	under18	7.0
0	1	41	4	under18	10.25
0	2	41	4	under18	10.25
0	3	41	6	under18	6.833333333333333
0	4	41	5	under18	8.2
0	5	41	4	under18	10.25
0	6	41	4	under18	10.25
0	7	41	4	under18	10.25
0	8	41	4	under18	10.25
0	9	41	5	under18	8.2
0	1	44	4	under18	11.0
0	2	44	5	under18	8.8
0	3	44	6	under18	7.333333333333333
0	4	44	4	under18	11.0
0	5	44	5	under18	8.8
0	6	44	5	under18	8.8
0	7	44	5	under18	8.8
0	8	44	5	under18	8.8
0	8	46	4	under18	11.5
0	9	46	4	under18	11.5
0	10	47	5	under18	9.4
0	1	47	4	under18	11.75
0	2	47	4	under18	11.75
0	3	47	3	under18	15.666666666666666
0	4	47	4	under18	11.75
0	9	20	4	under18	5.0
0	10	21	4	under18	5.25
0	1	21	7	under18	3.0
0	2	21	3	under18	7.0
0	3	21	4	under18	5.25
0	4	21	6	under18	3.5
0	5	21	3	under18	7.0
0	3	17	5	under18	3.4
0	4	17	6	under18	2.8333333333333335
0	5	17	4	under18	4.25
0	6	17	4	under18	4.25
0	7	17	3	under18	5.666666666666667
0	8	17	4	under18	4.25
0	8	54	5	under18	10.8
0	9	54	5	under18	10.8
0	10	55	5	under18	11.0
0	1	55	6	under18	9.166666666666666
0	2	55	4	under18	13.75
0	2	19	4	under18	4.75
0	3	19	5	under18	3.8
0	4	19	3	under18	6.333333333333333
0	5	19	5	under18	3.8
0	6	19	6	under18	3.1666666666666665
0	7	19	4	under18	4.75
0	8	19	2	under18	9.5
0	9	19	2	under18	9.5
0	8	32	8	under18	4.0
0	9	32	8	under18	4.0
0	10	33	4	under18	8.25
0	1	33	7	under18	4.714285714285714
0	2	33	5	under18	6.6
0	3	33	3	under18	11.0
0	9	5	2	under18	2.5
0	10	6	4	under18	1.5
0	1	6	3	under18	2.0
0	2	6	4	under18	1.5
0	3	6	3	under18	2.0
0	5	15	5	under18	3.0
0	6	15	2	under18	7.5
0	7	15	3	under18	5.0
0	8	15	4	under18	3.75
0	9	15	3	under18	5.0
0	6	30	4	under18	7.5
0	7	30	6	under18	5.0
0	8	30	2	under18	15.0
0	9	30	4	under18	7.5
0	10	31	5	under18	6.2
0	1	31	4	under18	7.75
0	2	31	4	under18	7.75
0	7	8	3	under18	2.6666666666666665
0	8	8	1	under18	8.0
0	9	8	4	under18	2.0
0	10	9	3	under18	3.0
0	1	9	4	under18	2.25
0	2	9	4	under18	2.25
0	6	36	4	under18	9.0
0	7	36	4	under18	9.0
0	8	36	3	under18	12.0
0	9	36	4	under18	9.0
0	10	37	6	under18	6.166666666666667
0	1	37	6	under18	6.166666666666667
0	2	37	3	under18	12.333333333333334
0	6	11	4	under18	2.75
0	7	11	2	under18	5.5
0	8	11	3	under18	3.6666666666666665
0	9	11	3	under18	3.6666666666666665
0	10	12	4	under18	3.0
0	1	12	5	under18	2.4
0	2	12	2	under18	6.0
0	3	12	2	under18	6.0
0	9	29	3	under18	9.666666666666666
0	10	2	2	under18	1.0
0	1	2	2	under18	1.0
0	2	2	1	under18	2.0
0	3	2	1	under18	2.0
0	4	2	1	under18	2.0
0	5	2	1	under18	2.0
0	4	4	2	under18	2.0
0	5	4	3	under18	1.3333333333333333
0	6	4	3	under18	1.3333333333333333
0	7	4	4	under18	1.0
0	8	4	4	under18	1.0
0	9	4	2	under18	2.0
0	10	50	6	under18	8.333333333333334
0	10	27	2	under18	13.5
0	1	27	2	under18	13.5
0	2	27	3	under18	9.0
0	3	27	5	under18	5.4
0	4	27	7	under18	3.857142857142857
0	5	27	2	under18	13.5
0	10	49	4	under18	12.25
0	1	49	6	under18	8.166666666666666
0	2	49	5	under18	9.8
0	3	49	6	under18	8.166666666666666
0	4	49	3	under18	16.333333333333332
0	5	49	4	under18	12.25
0	2	51	4	under18	12.75
0	3	51	4	under18	12.75
0	4	51	5	under18	10.2
0	5	51	3	under18	17.0
0	6	51	5	under18	10.2
0	7	51	5	under18	10.2
0	8	51	5	under18	10.2
0	9	51	3	under18	17.0
0	10	10	6	under18	1.6666666666666667
0	1	10	4	under18	2.5
0	2	10	4	under18	2.5
0	3	10	5	under18	2.0
0	4	10	4	under18	2.5
0	5	10	3	under18	3.3333333333333335
0	6	10	2	under18	5.0
0	7	10	4	under18	2.5
0	5	28	2	under18	14.0
0	6	28	3	under18	9.333333333333334
0	7	28	3	under18	9.333333333333334
0	8	28	4	under18	7.0
0	9	28	3	under18	9.333333333333334
0	5	40	4	under18	10.0
0	6	40	4	under18	10.0
0	7	40	7	under18	5.714285714285714
0	8	40	4	under18	10.0
0	9	40	4	under18	10.0
0	10	41	8	under18	5.125
0	3	35	6	under18	5.833333333333333
0	1	38	8	under18	4.75
0	4	40	3	under18	13.333333333333334
0	4	43	5	under18	8.6
0	9	44	5	under18	8.8
0	4	45	6	under18	7.5
0	7	46	4	under18	11.5
0	2	48	4	under18	12.0
0	9	22	2	under18	11.0
0	1	34	5	under18	6.8
0	6	49	5	under18	9.8
0	7	39	3	under18	13.0
0	8	39	9	under18	4.333333333333333
0	9	39	5	under18	7.8
0	10	3	2	under18	1.5
0	1	3	2	under18	1.5
0	2	3	3	under18	1.0
0	3	3	3	under18	1.0
0	4	3	2	under18	1.5
0	10	46	5	under18	9.2
0	1	46	4	under18	11.5
0	2	46	4	under18	11.5
0	3	46	5	under18	9.2
0	4	46	5	under18	9.2
0	5	46	4	under18	11.5
0	6	46	6	under18	7.666666666666667
0	3	7	4	under18	1.75
0	4	7	4	under18	1.75
0	5	7	4	under18	1.75
0	6	7	3	under18	2.3333333333333335
0	7	7	3	under18	2.3333333333333335
0	8	7	4	under18	1.75
0	9	7	4	under18	1.75
0	10	42	4	under18	10.5
0	1	42	4	under18	10.5
0	2	42	5	under18	8.4
0	3	42	9	under18	4.666666666666667
0	4	42	3	under18	14.0
0	5	42	3	under18	14.0
0	6	42	4	under18	10.5
0	7	42	5	under18	8.4
0	10	23	3	under18	7.666666666666667
0	1	23	3	under18	7.666666666666667
0	2	23	5	under18	4.6
0	3	23	3	under18	7.666666666666667
0	4	23	3	under18	7.666666666666667
0	4	15	6	under18	2.5
0	2	17	2	under18	8.5
0	4	18	7	under18	2.5714285714285716
0	8	20	7	under18	2.857142857142857
0	5	43	4	under18	10.75
0	6	43	4	under18	10.75
0	7	43	3	under18	14.333333333333334
0	8	43	5	under18	8.6
0	9	43	4	under18	10.75
0	10	44	4	under18	11.0
0	4	13	2	under18	6.5
0	5	13	5	under18	2.6
0	6	13	2	under18	6.5
0	7	13	2	under18	6.5
0	8	13	6	under18	2.1666666666666665
0	9	13	6	under18	2.1666666666666665
0	5	47	4	under18	11.75
0	6	47	6	under18	7.833333333333333
0	7	47	4	under18	11.75
0	8	47	4	under18	11.75
0	9	47	4	under18	11.75
0	10	48	5	under18	9.6
0	1	48	4	under18	12.0
0	8	52	4	under18	13.0
0	9	52	5	under18	10.4
0	10	53	5	under18	10.6
0	1	53	6	under18	8.833333333333334
0	2	53	5	under18	10.6
0	3	53	4	under18	13.25
0	4	53	5	under18	10.6
0	6	21	6	under18	3.5
0	7	21	7	under18	3.0
0	8	21	7	under18	3.0
0	9	21	2	under18	10.5
0	10	22	3	under18	7.333333333333333
0	1	22	1	under18	22.0
0	2	20	3	under18	6.666666666666667
0	3	20	2	under18	10.0
0	4	20	2	under18	10.0
0	5	20	3	under18	6.666666666666667
0	6	20	2	under18	10.0
0	7	20	5	under18	4.0
0	5	24	5	under18	4.8
0	6	24	2	under18	12.0
0	7	24	7	under18	3.4285714285714284
0	8	24	4	under18	6.0
0	9	24	3	under18	8.0
0	2	38	4	under18	9.5
0	3	38	4	under18	9.5
0	4	38	3	under18	12.666666666666666
0	5	38	5	under18	7.6
0	6	38	5	under18	7.6
0	7	38	3	under18	12.666666666666666
0	10	1	1	under18	1.0
0	1	1	1	under18	1.0
0	2	1	1	under18	1.0
0	3	1	1	under18	1.0
0	4	1	1	under18	1.0
0	5	1	1	under18	1.0
0	2	34	2	under18	17.0
0	3	34	4	under18	8.5
0	4	34	7	under18	4.857142857142857
0	5	34	3	under18	11.333333333333334
0	6	34	3	under18	11.333333333333334
0	7	34	5	under18	6.8
0	4	35	8	under18	4.375
0	5	35	5	under18	7.0
0	6	35	4	under18	8.75
0	7	35	2	under18	17.5
0	3	32	4	under18	8.0
0	4	32	2	under18	16.0
0	5	32	8	under18	4.0
0	6	32	3	under18	10.666666666666666
0	9	17	2	under18	8.5
0	10	18	3	under18	6.0
0	1	18	3	under18	6.0
0	2	18	1	under18	18.0
0	3	18	4	under18	4.5
0	3	55	5	under18	11.0
0	4	55	4	under18	13.75
0	5	55	5	under18	11.0
0	6	55	4	under18	13.75
0	7	55	4	under18	13.75
0	10	16	6	under18	2.6666666666666665
0	1	16	4	under18	4.0
0	2	16	6	under18	2.6666666666666665
0	3	16	6	under18	2.6666666666666665
0	4	16	4	under18	4.0
0	10	45	5	under18	9.0
0	1	45	4	under18	11.25
0	2	45	4	under18	11.25
0	3	45	6	under18	7.5
0	8	25	1	under18	25.0
0	9	25	2	under18	12.5
0	10	26	3	under18	8.666666666666666
0	1	26	5	under18	5.2
0	2	26	2	under18	13.0
0	3	26	6	under18	4.333333333333333
0	1	50	6	under18	8.333333333333334
0	2	50	5	under18	10.0
0	3	50	5	under18	10.0
0	4	50	5	under18	10.0
0	5	50	4	under18	12.5
0	4	12	2	under18	6.0
0	5	12	3	under18	4.0
0	6	12	2	under18	6.0
0	7	12	1	under18	12.0
0	8	12	5	under18	2.4
0	10	15	4	under18	3.75
0	1	15	3	under18	5.0
0	2	15	6	under18	2.5
0	3	15	5	under18	3.0
0	10	14	5	under18	2.8
0	1	14	3	under18	4.666666666666667
0	2	14	4	under18	3.5
0	3	14	4	under18	3.5
0	4	14	3	under18	4.666666666666667
0	4	5	3	under18	1.6666666666666667
0	5	5	1	under18	5.0
0	6	5	4	under18	1.25
0	7	5	1	under18	5.0
0	5	23	3	under18	7.666666666666667
0	6	23	2	under18	11.5
0	7	23	4	under18	5.75
0	8	23	4	under18	5.75
0	9	23	2	under18	11.5
0	4	54	5	under18	10.8
0	5	54	5	under18	10.8
0	6	54	4	under18	13.5
0	7	54	4	under18	13.5
0	3	31	2	under18	15.5
0	4	31	3	under18	10.333333333333334
0	5	31	4	under18	7.75
0	6	31	6	under18	5.166666666666667
0	7	31	4	under18	7.75
0	6	2	2	under18	1.0
0	7	2	1	under18	2.0
0	8	2	1	under18	2.0
0	9	2	2	under18	1.0
0	5	3	2	under18	1.5
0	6	3	2	under18	1.5
0	7	3	2	under18	1.5
0	8	3	3	under18	1.0
0	9	3	2	under18	1.5
